<?xml version="1.0" encoding="UTF-8"?>
<project-private xmlns="http://www.netbeans.org/ns/project-private/1">
    <editor-bookmarks xmlns="http://www.netbeans.org/ns/editor-bookmarks/2" lastBookmarkId="0"/>
    <open-files xmlns="http://www.netbeans.org/ns/projectui-open-files/2">
        <group>
            <file>file:/home/bob/NetBeansProjects/frontend1/src/main/pub_sub.java</file>
            <file>file:/home/bob/NetBeansProjects/frontend1/src/sub/expkey.java</file>
            <file>file:/home/bob/NetBeansProjects/frontend1/src/sub/sendkey.java</file>
            <file>file:/home/bob/NetBeansProjects/frontend1/src/main/managekeys.java</file>
            <file>file:/home/bob/NetBeansProjects/frontend1/src/sub/impkey.java</file>
            <file>file:/home/bob/NetBeansProjects/frontend1/src/main/daemon.java</file>
            <file>file:/home/bob/NetBeansProjects/frontend1/src/main/door.java</file>
        </group>
    </open-files>
</project-private>
